City_ID,City,Lat,Lng,Max Temp,Humidity,Cloudiness,Wind Speed,Country,Date
0,lae,-6.7221,146.9847,29.16,65,100,1.09,PG,1682136636
1,wairoa,-39.0333,177.3667,23.64,70,97,1.34,NZ,1682136637
2,vaini,-21.2,-175.2,27.09,65,40,3.6,TO,1682136637
3,greenwood,34.1668,-82.1165,19.6,71,20,4.63,US,1682136638
4,dubrovnik,42.6481,18.0922,14.8,62,0,0.51,HR,1682136638
5,qaanaaq,77.484,-69.3632,-10.52,71,100,1.2,GL,1682136639
6,ploemeur,47.7333,-3.4333,10.46,91,100,1.03,FR,1682136639
7,nizhniy odes,63.6445,54.856,0.27,100,100,2.46,RU,1682136640
8,faanui,-16.4833,-151.75,28.31,79,68,7.77,PF,1682136640
9,deputatskiy,69.3,139.9,-8.01,87,100,1.93,RU,1682136641
10,katherine,-14.4667,132.2667,33.18,31,15,8.75,AU,1682136641
11,cabo san lucas,22.8909,-109.9124,24.61,69,100,5.33,MX,1682136347
12,zhangye,38.9342,100.4517,10.34,42,100,2.53,CN,1682136643
13,kodiak,57.79,-152.4072,9.73,37,0,1.54,US,1682136643
14,norman wells,65.282,-126.8329,-4.55,96,100,1.2,CA,1682136643
15,xining,36.6167,101.7667,6.79,54,100,2.97,CN,1682136644
16,hithadhoo,-0.6,73.0833,29.33,73,55,3.96,MV,1682136644
17,san policarpo,12.1791,125.5072,29.28,72,82,3.68,PH,1682136645
18,bluff,-46.6,168.3333,14.61,84,98,9.57,NZ,1682136482
19,ternate,0.8,127.4,29.35,69,64,2.3,ID,1682136647
20,bollnas,61.3482,16.3946,4.55,91,15,1.19,SE,1682136647
21,atar,20.5169,-13.0499,25.49,18,79,2.08,MR,1682136648
22,hilo,19.7297,-155.09,25.85,81,40,5.14,US,1682136472
23,hermanus,-34.4187,19.2345,12.11,71,100,1.4,ZA,1682136521
24,torbay,47.6666,-52.7314,1.82,95,100,3.13,CA,1682136569
25,rikitea,-23.1203,-134.9692,26.17,83,100,7.12,PF,1682136483
26,mamlyutka,54.9375,68.5394,9.01,59,100,5.95,KZ,1682136650
27,avarua,-21.2078,-159.775,25.03,83,75,2.06,CK,1682136651
28,state college,40.7934,-77.86,20.1,83,0,1.54,US,1682136528
29,cherskiy,68.75,161.3,0.18,93,8,1.15,RU,1682136652
30,beloha,-25.1667,45.05,20.49,91,81,1.57,MG,1682136653
31,aberfeldy,56.62,-3.8645,2.85,75,8,2.63,GB,1682136653
32,butaritari,3.0707,172.7902,28.44,77,31,5.05,KI,1682136654
33,tiksi,71.6872,128.8694,-12.74,86,93,1.72,RU,1682136473
34,port alfred,-33.5906,26.891,15.66,81,100,4.56,ZA,1682136655
35,katsuura,35.1333,140.3,12.64,60,100,5.92,JP,1682136655
36,bethanien,-26.502,17.1583,15.39,33,55,3.24,NA,1682136656
37,fairbanks,64.8378,-147.7164,4.98,60,100,0.0,US,1682136405
38,punta arenas,-53.15,-70.9167,5.62,75,75,6.69,CL,1682136657
39,diego de almagro,-26.3667,-70.05,16.39,47,100,2.16,CL,1682136657
40,tula,54.2044,37.6111,7.11,73,31,4.21,RU,1682136658
41,puerto ayora,-0.7393,-90.3518,26.42,91,33,4.02,EC,1682136658
42,udachnyy,66.4167,112.4,-4.23,78,100,4.93,RU,1682136658
43,hovd,48.0056,91.6419,1.06,24,67,2.65,MN,1682136659
44,thaba-tseka,-29.522,28.6084,5.77,53,51,4.32,LS,1682136659
45,fare,-16.7,-151.0167,28.09,79,32,7.88,PF,1682136660
46,zhezkazgan,47.8043,67.7144,9.99,25,0,6.0,KZ,1682136660
47,parabel,58.6978,81.4825,4.22,69,88,3.61,RU,1682136660
48,makakilo city,21.3469,-158.0858,26.18,77,0,5.14,US,1682136661
49,dunedin,-45.8742,170.5036,16.2,65,49,0.44,NZ,1682136390
50,ushuaia,-54.8,-68.3,3.81,70,20,2.57,AR,1682136335
51,manta,-0.95,-80.7333,25.88,83,75,2.06,EC,1682136662
52,busselton,-33.65,115.3333,23.9,34,0,3.54,AU,1682136662
53,krasnoselkup,65.7,82.4667,0.69,100,100,5.74,RU,1682136663
54,kaspiyskiy,45.3929,47.3707,13.45,64,94,5.57,RU,1682136663
55,hoi an,15.8794,108.335,33.98,64,4,4.05,VN,1682136663
56,barra,-11.0894,-43.1417,23.9,71,5,2.6,BR,1682136477
57,songea,-10.6833,35.65,18.38,95,100,1.28,TZ,1682136664
58,victoria,22.2855,114.1577,26.65,83,100,8.94,HK,1682136259
59,soto la marina,23.7667,-98.2167,21.89,87,100,2.52,MX,1682136665
60,cabedelo,-6.9811,-34.8339,25.37,75,100,5.24,BR,1682136665
61,pevek,69.7008,170.3133,-1.21,71,18,1.04,RU,1682136496
62,adelaide,-34.9333,138.6,24.95,52,20,5.14,AU,1682136628
63,shelburne,44.0787,-80.2041,6.24,94,100,0.83,CA,1682136666
64,akyab,20.15,92.9,30.83,67,34,3.49,MM,1682136667
65,saint-philippe,-21.3585,55.7679,25.77,76,26,3.11,RE,1682136667
66,kapaa,22.0752,-159.319,26.99,84,0,3.09,US,1682136668
67,bandarbeyla,9.4942,50.8122,28.68,64,69,3.81,SO,1682136668
68,tuktoyaktuk,69.4541,-133.0374,-13.02,94,100,5.83,CA,1682136669
69,oranjemund,-28.55,16.4333,10.68,85,13,1.89,NA,1682136669
70,miandrivazo,-19.5167,45.4667,24.44,83,94,0.66,MG,1682136670
71,beringovskiy,63.05,179.3167,-1.1,77,3,0.86,RU,1682136671
72,los andes,-32.8337,-70.5983,11.67,62,41,0.68,CL,1682136110
73,lebu,-37.6167,-73.65,11.94,93,19,4.32,CL,1682136672
74,haines junction,60.7522,-137.5108,1.71,84,52,1.48,CA,1682136672
75,miles city,46.4083,-105.8406,-0.46,80,100,4.63,US,1682136672
76,poum,-20.2333,164.0167,26.49,79,47,3.71,NC,1682136480
77,upernavik,72.7868,-56.1549,-3.13,94,100,7.43,GL,1682136674
78,provideniya,64.3833,-173.3,0.64,86,10,0.26,RU,1682136674
79,aklavik,68.2191,-135.0107,-9.33,94,100,6.24,CA,1682136675
80,albany,42.6001,-73.9662,13.84,57,85,2.24,US,1682136672
81,lasa,46.6166,10.7002,4.65,80,96,0.74,IT,1682136676
82,yaguajay,22.3272,-79.2378,23.5,79,12,2.8,CU,1682136677
83,bintulu,3.1667,113.0333,30.4,69,76,2.84,MY,1682136677
84,makhachkala,42.9764,47.5024,15.99,92,100,0.67,RU,1682136678
85,grindavik,63.8424,-22.4338,4.26,87,100,5.66,IS,1682136678
86,puerto del rosario,28.5004,-13.8627,16.86,82,0,1.03,ES,1682136487
87,atuona,-9.8,-139.0333,27.37,77,32,5.6,PF,1682136474
88,mataura,-46.1927,168.8643,16.21,72,84,1.71,NZ,1682136485
89,pemangkat,1.1667,108.9667,31.71,59,43,1.77,ID,1682136681
90,fortuna,40.5982,-124.1573,11.86,93,96,0.45,US,1682136681
91,campbellton,48.0075,-66.6727,1.61,97,99,2.09,CA,1682136682
92,baculin,7.4525,126.5842,30.28,68,94,3.51,PH,1682136682
93,souillac,-20.5167,57.5167,25.83,76,0,4.11,MU,1682136683
94,kargat,55.1956,80.2811,6.16,31,4,5.26,RU,1682136683
95,sokode,8.9833,1.1333,23.67,75,92,1.63,TG,1682136684
96,ribeira grande,38.5167,-28.7,16.53,92,94,7.0,PT,1682136684
97,severo-kurilsk,50.6789,156.125,0.98,95,84,5.38,RU,1682136685
98,zabol,32.25,67.25,15.07,15,0,1.85,AF,1682136685
99,khatanga,71.9667,102.5,-13.31,81,7,3.04,RU,1682136685
100,san luis,-33.295,-66.3356,13.79,65,0,1.56,AR,1682136686
101,sitka,57.0531,-135.33,7.94,76,100,2.57,US,1682136684
102,porosozero,62.7191,32.727,1.61,99,98,3.28,RU,1682136687
103,leningradskiy,69.3833,178.4167,-1.49,89,13,4.33,RU,1682136687
104,ahipara,-35.1667,173.1667,19.73,90,100,2.44,NZ,1682136688
105,new norfolk,-42.7826,147.0587,21.72,54,100,3.58,AU,1682136688
106,logrono,42.4667,-2.45,11.9,87,75,2.06,ES,1682136689
107,hobart,-42.8794,147.3294,21.92,55,40,6.69,AU,1682136547
108,gornorechenskiy,44.2624,135.1133,8.25,40,73,7.64,RU,1682136690
109,mairana,-18.1167,-63.9333,9.38,99,16,0.7,BO,1682136690
110,payson,40.0444,-111.7321,6.92,86,100,5.66,US,1682136549
111,kaka,37.3482,59.6143,26.79,14,45,3.69,TM,1682136691
112,caravelas,-17.7125,-39.2481,24.21,76,100,6.01,BR,1682136691
113,ishigaki,24.3448,124.1572,22.73,73,37,7.34,JP,1682136504
114,klaksvik,62.2266,-6.589,4.51,86,100,10.91,FO,1682136692
115,barrow,71.2906,-156.7887,-14.99,78,0,9.26,US,1682136519
116,the pas,53.8251,-101.2541,-0.6,81,98,3.14,CA,1682136693
117,port blair,11.6667,92.75,32.11,54,11,3.08,IN,1682136488
118,chernyshevskiy,63.0128,112.4714,-2.43,86,50,1.26,RU,1682136694
119,yellowknife,62.456,-114.3525,1.98,64,96,2.24,CA,1682136449
120,jalu,29.0331,21.5482,21.46,24,100,6.96,LY,1682136696
121,sorong,-0.8833,131.25,29.86,69,81,3.69,ID,1682136696
122,chokurdakh,70.6333,147.9167,-0.34,95,94,2.83,RU,1682136697
123,nampula,-15.1165,39.2666,19.38,99,85,1.12,MZ,1682136697
124,lavrentiya,65.5833,-171.0,-0.69,80,40,0.25,RU,1682136698
125,port elizabeth,-33.918,25.5701,14.06,87,100,2.07,ZA,1682136698
126,gat,31.61,34.7642,15.22,79,14,2.08,IL,1682136699
127,toamasina,-18.1667,49.3833,24.0,94,75,0.51,MG,1682136682
128,trivalea-mosteni,44.2667,25.2333,9.82,84,96,2.12,RO,1682136700
129,kununurra,-15.7667,128.7333,31.99,37,52,4.63,AU,1682136558
130,esfahan,32.6572,51.6776,11.8,19,28,2.1,IR,1682136700
131,salalah,17.0151,54.0924,29.05,70,75,0.51,OM,1682136472
132,the valley,18.217,-63.0578,25.92,79,8,4.62,AI,1682136701
133,jamestown,42.097,-79.2353,13.07,91,100,4.63,US,1682136031
134,mahebourg,-20.4081,57.7,27.36,74,5,4.92,MU,1682136702
135,samarai,-10.6167,150.6667,28.67,73,31,4.25,PG,1682136703
136,itarema,-2.9248,-39.9167,24.02,87,12,4.41,BR,1682136703
137,qasigiannguit,68.8193,-51.1922,-1.86,83,69,2.01,GL,1682136704
138,cidreira,-30.1811,-50.2056,19.53,77,9,6.24,BR,1682136678
139,lugo,43.0,-7.5,6.06,100,72,1.66,ES,1682136704
140,bengkulu,-3.8004,102.2655,29.36,68,39,2.07,ID,1682136705
141,nhulunbuy,-12.2333,136.7667,28.34,78,75,4.63,AU,1682136705
142,tasiilaq,65.6145,-37.6368,-2.91,88,88,2.55,GL,1682136521
143,port lincoln,-34.7333,135.8667,20.89,54,0,1.94,AU,1682136706
144,fukue,32.6881,128.8419,15.28,63,0,15.93,JP,1682136707
145,bredasdorp,-34.5322,20.0403,11.67,76,100,1.09,ZA,1682136707
146,arraial do cabo,-22.9661,-42.0278,20.98,81,0,2.06,BR,1682136708
147,sika,13.3546,-16.345,21.08,34,66,5.38,GM,1682136708
148,denpasar,-8.65,115.2167,29.84,74,20,5.66,ID,1682136417
149,eidfjord,60.4675,7.0719,6.5,78,8,2.05,NO,1682136709
150,bunbury,-33.3333,115.6333,24.24,34,0,2.49,AU,1682136710
151,rosetown,51.5501,-108.0014,0.37,80,100,0.91,CA,1682136711
152,bjornevatn,69.6672,29.9847,-3.81,74,67,6.69,NO,1682136711
153,mandali,33.7499,45.5541,24.29,41,1,2.46,IQ,1682136712
154,ondarroa,43.3167,-2.4167,13.63,92,100,0.59,ES,1682136712
155,san quintin,30.4833,-115.95,16.73,72,0,3.28,MX,1682136712
156,camacha,33.0833,-16.3333,13.68,72,20,2.06,PT,1682136713
157,sao joao da barra,-21.6403,-41.0511,20.66,80,38,3.23,BR,1682136477
158,saskylakh,71.9167,114.0833,-11.86,91,100,3.72,RU,1682136469
159,vryburg,-26.9566,24.7284,11.74,38,44,0.54,ZA,1682136714
160,maragogi,-9.0122,-35.2225,25.11,84,42,3.33,BR,1682136714
161,te anau,-45.4167,167.7167,15.24,70,69,1.77,NZ,1682136587
162,garissa,-0.4536,39.6401,26.13,81,98,4.78,KE,1682136716
163,honiara,-9.4333,159.95,29.09,76,44,2.06,SB,1682136716
164,dikson,73.5069,80.5464,-3.49,85,100,6.5,RU,1682136716
165,gull lake,50.1001,-108.4847,-5.33,92,99,1.01,CA,1682136717
166,guerrero negro,27.9769,-114.0611,16.77,67,3,5.6,MX,1682136717
167,longhua,23.6137,114.1919,24.79,83,100,1.23,CN,1682136718
168,oktyabrskiy,54.4815,53.471,8.32,81,100,5.54,RU,1682136718
169,lata,40.1629,-8.3327,8.84,96,24,1.01,PT,1682136718
170,bilma,18.6853,12.9164,28.33,13,7,1.87,NE,1682136719
171,yumen,40.2833,97.2,7.94,52,100,7.19,CN,1682136719
172,masingbi,8.7833,-11.95,24.1,91,97,0.45,SL,1682136720
173,celestun,20.8667,-90.4,26.33,82,21,7.09,MX,1682136720
174,muros,42.7762,-9.0603,12.27,91,72,4.35,ES,1682136298
175,saldanha,-33.0117,17.9442,14.14,60,100,0.44,ZA,1682136478
176,huarmey,-10.0681,-78.1522,24.43,81,57,4.01,PE,1682136722
177,hofn,64.2539,-15.2082,0.82,57,2,4.87,IS,1682136723
178,thompson,55.7435,-97.8558,-10.61,98,48,1.46,CA,1682136723
179,nikolskoye,59.7035,30.7861,7.94,87,100,1.48,RU,1682136484
180,bambous virieux,-20.3428,57.7575,27.34,73,9,4.85,MU,1682136724
181,kushmurun,52.4503,64.6311,10.41,56,100,6.44,KZ,1682136725
182,bardiyah,31.7561,25.0865,16.9,61,94,5.16,LY,1682136725
183,kurkino,53.4257,38.6582,6.75,78,100,3.21,RU,1682136725
184,karpathos,35.507,27.2132,15.98,88,86,1.54,GR,1682136540
185,monrovia,6.3005,-10.7969,24.87,81,70,2.74,LR,1682136413
186,vila franca do campo,37.7167,-25.4333,16.23,90,99,5.43,PT,1682136727
187,tianpeng,30.9866,103.9393,13.81,90,100,1.41,CN,1682136727
188,angoche,-16.2325,39.9086,24.49,85,38,1.94,MZ,1682136727
189,sinnamary,5.3833,-52.95,25.4,93,100,3.62,GF,1682136728
190,karlshamn,56.1706,14.8619,-0.73,55,18,0.95,SE,1682136728
191,palana,59.1167,159.9667,0.83,65,5,12.31,RU,1682136729
192,cabra,37.4725,-4.4421,11.85,90,100,1.15,ES,1682136729
193,neuquen,-38.9516,-68.0591,11.94,71,0,0.0,AR,1682136729
194,kollam,8.8833,76.6,29.91,70,5,3.17,IN,1682136730
195,kati,12.7441,-8.0726,28.67,19,65,1.57,ML,1682136731
196,tromso,69.6496,18.957,-1.99,74,75,3.6,NO,1682136731
197,abapo,-18.8333,-63.4667,13.8,98,9,0.62,BO,1682136731
198,cape town,-33.9258,18.4232,14.1,75,100,1.34,ZA,1682136713
199,yar-sale,66.8333,70.8333,-5.59,91,69,2.55,RU,1682136732
200,evensk,61.95,159.2333,0.56,66,20,7.33,RU,1682136733
201,east london,-33.0153,27.9116,16.99,66,100,4.99,ZA,1682136477
202,kargopol,61.5071,38.9456,3.15,96,96,1.08,RU,1682136733
203,newry,54.1784,-6.3374,8.39,94,100,4.47,GB,1682136734
204,georgetown,5.4112,100.3354,28.96,84,40,3.09,MY,1682136530
205,comodoro rivadavia,-45.8667,-67.5,4.92,70,0,2.57,AR,1682136735
206,vestmannaeyjar,63.4427,-20.2734,4.68,86,100,9.16,IS,1682136735
207,egvekinot,66.3167,-179.1667,-1.31,83,18,0.65,RU,1682136735
208,hamilton,39.1834,-84.5333,9.93,93,100,4.12,US,1682136673
209,touros,-5.1989,-35.4608,25.35,79,88,5.08,BR,1682136277
210,faya,18.3851,42.4509,15.29,60,2,1.48,SA,1682136737
211,bethel,41.3712,-73.414,11.47,82,100,2.57,US,1682136520
212,goderich,43.7501,-81.7165,7.73,82,100,3.42,CA,1682136738
213,annau,37.8876,58.516,25.72,21,40,5.14,TM,1682136738
214,mapiri,-15.25,-68.1667,17.48,84,38,0.63,BO,1682136739
215,uyuni,-20.4597,-66.825,7.86,24,0,3.53,BO,1682136739
216,champua,22.0833,85.6667,34.49,21,90,2.48,IN,1682136740
217,geraldton,-28.7667,114.6,30.23,21,75,7.2,AU,1682136517
218,altamont,42.2068,-121.7372,8.91,76,0,2.68,US,1682136741
219,aragarcas,-15.8975,-52.2508,20.95,81,67,1.43,BR,1682136741
220,inuvik,68.3499,-133.7218,-10.88,93,100,7.02,CA,1682136604
221,clyde river,70.4692,-68.5914,-10.87,77,83,1.3,CA,1682136682
222,illapel,-31.6308,-71.1653,15.8,76,24,0.69,CL,1682136742
223,batemans bay,-35.7167,150.1833,19.5,56,0,3.26,AU,1682136743
224,inirida,3.8653,-67.9239,23.33,98,100,1.09,CO,1682136744
225,alofi,-19.0595,-169.9187,25.55,68,2,5.32,NU,1682136745
226,chapada dos guimaraes,-15.4606,-55.7497,18.81,72,88,1.34,BR,1682136745
227,merauke,-8.4667,140.3333,30.76,63,69,4.07,ID,1682136746
228,hualmay,-11.0964,-77.6139,23.34,81,57,4.83,PE,1682136746
229,sandpoint,48.2766,-116.5533,4.45,90,40,1.54,US,1682136643
230,gonaives,19.45,-72.6833,24.13,78,5,2.04,HT,1682136747
231,portage,41.1667,-81.1998,11.57,85,100,2.06,US,1682136502
232,necochea,-38.5473,-58.7368,15.68,74,100,3.97,AR,1682136606
233,consuegra,39.4625,-3.608,11.91,84,100,3.45,ES,1682136748
234,saint george,37.1041,-113.5841,20.53,27,0,2.57,US,1682136749
235,tucupita,9.0622,-62.051,22.56,98,97,1.1,VE,1682136749
236,mamallapuram,12.6264,80.1722,33.03,67,5,5.59,IN,1682136749
237,alice springs,-23.7,133.8833,25.75,29,0,9.26,AU,1682136750
238,loreto,22.2667,-101.9667,22.16,19,100,2.67,MX,1682136750
239,talnakh,69.4865,88.3972,-3.77,81,89,4.93,RU,1682136516
240,nanortalik,60.1432,-45.2371,0.5,76,1,0.81,GL,1682136751
241,guacimo,10.2104,-83.6807,26.46,95,92,0.86,CR,1682136752
242,likasi,-10.9814,26.7333,16.13,96,100,0.71,CD,1682136752
243,falakata,26.5208,89.2055,31.76,39,11,2.79,IN,1682136752
244,yongan,39.6957,113.6871,10.68,48,100,2.47,CN,1682136753
245,sept-iles,50.2001,-66.3821,1.7,89,78,1.34,CA,1682136482
246,pailon,-17.65,-62.75,18.16,92,2,1.75,BO,1682136753
247,kiruna,67.8557,20.2251,-4.49,93,100,4.63,SE,1682136754
248,belmonte,-15.8631,-38.8828,24.41,89,95,3.54,BR,1682136754
249,santiago de cao,-7.9589,-79.2392,23.07,78,100,1.54,PE,1682136755
250,saint-augustin,51.226,-58.6502,1.6,82,52,5.31,CA,1682136755
251,kushima,31.4583,131.2333,21.19,49,0,5.75,JP,1682136756
252,grand gaube,-20.0064,57.6608,27.43,75,2,1.34,MU,1682136756
253,halifax,44.6453,-63.5724,2.5,86,100,2.68,CA,1682136637
254,nioro,13.35,-15.75,25.19,27,58,3.72,GM,1682136757
255,laguna,38.421,-121.4238,23.1,43,0,3.6,US,1682136757
256,killorglin,52.1,-9.7833,5.21,94,63,2.28,IE,1682136758
257,laibin,23.7,109.2667,29.12,74,72,7.25,CN,1682136758
258,peruibe,-24.32,-46.9983,18.02,93,41,1.58,BR,1682136759
259,baykit,61.67,96.37,-1.05,78,7,0.73,RU,1682136759
260,mazagao,-0.115,-51.2894,26.03,97,99,1.23,BR,1682136760
261,tuatapere,-46.1333,167.6833,16.07,73,83,2.08,NZ,1682136761
262,ibaiti,-23.8486,-50.1878,9.41,97,1,1.61,BR,1682136761
263,wanning,18.8003,110.3967,30.22,74,71,6.2,CN,1682136762
264,harper,4.375,-7.7169,25.95,89,100,3.46,LR,1682136762
265,kahului,20.8947,-156.47,27.2,75,40,3.6,US,1682136762
266,nantucket,41.2835,-70.0995,8.06,88,0,6.69,US,1682136763
267,ilhabela,-23.7781,-45.3581,18.59,84,5,1.69,BR,1682136763
268,namibe,-15.1961,12.1522,25.3,83,100,1.9,AO,1682136764
269,lompoc,34.6391,-120.4579,19.32,85,0,5.14,US,1682136764
270,niteroi,-22.8833,-43.1036,21.79,83,0,1.03,BR,1682136606
271,coquimbo,-29.9533,-71.3436,13.85,88,0,2.57,CL,1682136524
272,lanja,16.85,73.55,31.53,34,0,2.49,IN,1682136765
273,mandasa,18.8667,84.4667,35.26,35,8,4.02,IN,1682136495
274,stalis,35.2926,25.4329,17.82,78,100,2.08,GR,1682136766
275,terrasini,38.146,13.0844,14.56,89,0,1.54,IT,1682136767
276,castro,-24.7911,-50.0119,11.8,89,64,4.27,BR,1682136767
277,san patricio,28.017,-97.5169,23.24,66,53,4.02,US,1682136769
278,cairns,-16.9167,145.7667,31.7,72,75,10.29,AU,1682136769
279,agustin codazzi,10.0341,-73.2361,22.92,95,84,1.24,CO,1682136769
280,buala,-8.145,159.5921,29.81,68,12,3.41,SB,1682136770
281,conde,-7.2597,-34.9075,24.7,88,40,1.54,BR,1682136770
282,chuy,-33.6971,-53.4616,15.71,89,100,3.29,UY,1682136470
283,tuy hoa,13.0833,109.3,33.74,56,8,4.95,VN,1682136771
284,olafsvik,64.8945,-23.7142,1.49,72,12,5.61,IS,1682136771
285,altay,47.8667,88.1167,6.31,25,100,0.64,CN,1682136772
286,ust-nera,64.5667,143.2,-0.22,81,89,1.96,RU,1682136772
287,vardo,70.3705,31.1107,-4.01,93,86,9.26,NO,1682136772
288,boa vista,2.8197,-60.6733,24.99,88,75,3.6,BR,1682136773
289,otacilio costa,-27.4831,-50.1219,9.44,99,25,1.07,BR,1682136516
290,mackay,-21.15,149.2,28.16,69,89,8.86,AU,1682136774
291,maunabo,18.0072,-65.8993,25.9,92,8,0.76,PR,1682136774
292,narsaq,60.9167,-46.05,4.12,62,8,2.56,GL,1682136775
293,airai,-8.9266,125.4092,23.16,55,97,1.41,TL,1682136475
294,abu dhabi,24.4667,54.3667,27.2,46,39,0.45,AE,1682136489
295,juli,-16.2167,-69.45,5.27,60,4,2.09,PE,1682136776
296,loanda,-8.8368,13.2343,25.0,94,75,1.54,AO,1682136577
297,sola,-13.8833,167.55,28.24,74,30,6.45,VU,1682136777
298,ayan,56.45,138.1667,1.75,82,97,2.19,RU,1682136777
299,karakol,42.4907,78.3936,8.04,52,100,3.82,KG,1682136778
300,kimbe,-5.5502,150.1429,28.31,83,57,1.82,PG,1682136778
301,sur,22.5667,59.5289,29.53,56,38,2.41,OM,1682136779
302,hildburghausen,50.4255,10.7318,8.65,81,94,1.51,DE,1682136779
303,wawa,9.9022,4.4192,27.94,60,100,2.08,NG,1682136591
304,plettenberg bay,-34.0527,23.3716,13.39,67,99,1.81,ZA,1682136780
305,tatarskaya kargala,51.9495,55.1731,10.03,51,100,7.08,RU,1682136780
306,mamontovo,52.7055,81.6244,2.69,54,15,3.7,RU,1682136781
307,los llanos de aridane,28.6585,-17.9182,16.86,88,75,2.57,ES,1682136781
308,wadi maliz,36.4681,8.5495,10.69,82,0,0.88,TN,1682136782
309,newala,-10.9431,39.2787,19.19,98,99,0.76,TZ,1682136782
310,pavlodar,52.3,76.95,3.89,48,0,3.0,KZ,1682136783
311,buraydah,26.326,43.975,24.1,43,3,2.53,SA,1682136783
312,kieta,-6.2167,155.6333,29.56,71,18,2.96,PG,1682136784
313,voskresenskoye,56.8381,45.4317,7.17,67,13,3.9,RU,1682136784
314,lagoa,39.05,-27.9833,15.65,92,54,8.86,PT,1682136477
315,kudymkar,59.0173,54.656,5.92,75,82,1.72,RU,1682136785
316,rawson,-43.3002,-65.1023,11.05,69,0,3.63,AR,1682136785
317,takoradi,4.8845,-1.7554,26.67,84,100,3.54,GH,1682136786
318,yarada,17.65,83.2667,32.18,58,40,3.09,IN,1682136786
319,portland,45.5234,-122.6762,12.67,73,100,1.37,US,1682136071
320,tefe,-3.3542,-64.7114,23.39,98,100,1.21,BR,1682136675
321,ancud,-41.8697,-73.8203,9.83,86,0,0.95,CL,1682136788
322,pangody,65.85,74.4859,-0.17,94,96,2.35,RU,1682136722
323,tazovskiy,67.4667,78.7,-0.25,98,100,3.92,RU,1682136789
324,rio grande,-32.035,-52.0986,18.71,81,100,5.29,BR,1682136790
325,isangel,-19.55,169.2667,28.24,68,4,5.64,VU,1682136790
326,mar del plata,-38.0023,-57.5575,15.53,81,0,3.09,AR,1682136791
327,alekseyevsk,57.8406,108.3492,0.5,59,100,3.94,RU,1682136791
328,broken hill,-31.95,141.4333,22.47,28,0,3.64,AU,1682136792
329,trat,12.5,102.5,35.48,45,6,3.58,TH,1682136792
330,abeche,13.8292,20.8324,26.04,16,8,2.0,TD,1682136793
331,cayenne,4.9333,-52.3333,24.02,100,100,1.54,GF,1682136793
332,lipari,38.4674,14.954,12.96,81,18,2.58,IT,1682136794
333,navrongo,10.8956,-1.0921,32.44,34,84,5.77,GH,1682136794
334,codrington,-38.2667,141.9667,19.48,59,43,4.49,AU,1682136795
335,pangnirtung,66.1451,-65.7125,-1.21,95,100,2.42,CA,1682136795
336,kentau,43.5206,68.5094,14.61,18,61,6.08,KZ,1682136795
337,ginir,7.1333,40.7,16.57,80,91,1.49,ET,1682136796
338,binzhou,37.3667,118.0167,10.15,65,100,3.16,CN,1682136796
339,saint-pierre,-21.3393,55.4781,26.43,69,20,3.09,RE,1682136797
340,alamosa,37.4695,-105.87,4.99,45,20,0.0,US,1682136797
341,margate,51.3813,1.3862,6.06,92,93,2.29,GB,1682136797
342,vanimo,-2.6741,141.3028,28.43,77,93,2.29,PG,1682136798
343,bathsheba,13.2167,-59.5167,26.34,83,40,4.12,BB,1682136800
344,erzin,36.9559,36.2,14.24,80,73,0.57,TR,1682136800
345,great falls,47.5002,-111.3008,-0.19,85,75,4.12,US,1682136617
346,santa isabel do rio negro,-0.4139,-65.0192,23.27,99,100,1.19,BR,1682136801
347,cornelio procopio,-23.1811,-50.6467,12.37,90,0,4.11,BR,1682136801
348,yulara,-25.2406,130.9889,24.43,25,0,6.33,AU,1682136802
349,ponta do sol,32.6667,-17.1,17.62,74,79,0.2,PT,1682136495
350,samana,19.2056,-69.3369,22.62,91,98,0.94,DO,1682136803
351,bonthe,7.5264,-12.505,26.67,82,92,3.57,SL,1682136628
352,mutoko,-17.397,32.2268,15.1,82,70,1.05,ZW,1682136804
353,krasnyy chikoy,50.3643,108.7512,4.21,24,100,1.03,RU,1682136735
354,siniscola,40.5719,9.6922,6.75,57,44,1.57,IT,1682136805
355,ondjiva,-17.0667,15.7333,15.73,94,100,2.05,AO,1682136678
356,iwanai,42.9744,140.5089,6.8,63,83,5.79,JP,1682136806
357,la ronge,55.1001,-105.2842,-1.58,83,100,1.49,CA,1682136807
358,mazyr,52.0495,29.2456,7.77,73,92,2.41,BY,1682136807
359,lhokseumawe,5.1801,97.1507,30.89,63,53,2.99,ID,1682136808
360,kailua,21.4022,-157.7394,26.99,85,20,3.09,US,1682136808
361,west lafayette,40.4259,-86.9081,11.43,85,40,1.54,US,1682136577
362,ballymena,54.8636,-6.2763,7.79,75,100,6.87,GB,1682136809
363,dhaulpur,26.7,77.9,32.74,14,59,0.32,IN,1682136810
364,mantsala,60.6609,25.2838,4.27,78,9,1.98,FI,1682136810
365,kabale,-1.2486,29.9899,13.59,94,100,1.19,UG,1682136620
366,omsukchan,62.5333,155.8,-2.94,81,88,1.97,RU,1682136811
367,acajutla,13.5928,-89.8275,27.57,81,47,2.64,SV,1682136811
368,kaitangata,-46.2817,169.8464,18.29,56,72,2.09,NZ,1682136293
369,tilichiki,60.4667,166.1,-0.58,78,99,5.37,RU,1682136812
370,pangkalanbuun,-2.6833,111.6167,30.45,71,93,1.49,ID,1682136813
371,odweyne,9.4092,45.064,23.77,57,12,4.35,SO,1682136813
372,bataipora,-22.2953,-53.2711,13.3,89,0,2.04,BR,1682136813
373,qeshm,26.9581,56.2719,23.93,63,0,1.35,IR,1682136814
374,hailin,44.5833,129.4167,9.85,19,2,7.45,CN,1682136814
375,altamira,-3.2033,-52.2064,22.78,98,99,0.39,BR,1682136662
376,henties bay,-22.116,14.2845,16.34,82,100,4.36,NA,1682136815
377,rocha,-34.4833,-54.3333,13.14,94,100,2.73,UY,1682136655
378,isla mujeres,21.2311,-86.731,27.03,84,16,4.64,MX,1682136816
379,chyhyryn,49.0838,32.6555,8.02,87,100,3.76,UA,1682136816
380,berdigestyakh,62.0989,126.6992,-1.0,79,100,3.35,RU,1682136817
381,orangeburg,33.4918,-80.8557,18.79,77,0,0.45,US,1682136817
382,tanabi,-20.6264,-49.6492,16.46,80,0,2.77,BR,1682136818
383,sao miguel do araguaia,-13.275,-50.1628,22.25,93,12,1.66,BR,1682136818
384,chengde,40.9725,117.9361,15.79,31,61,2.6,CN,1682136619
385,whitehorse,60.7161,-135.0538,0.87,89,65,1.6,CA,1682136819
386,zacualpan,21.25,-105.1667,22.91,75,100,1.76,MX,1682136819
387,urengoy,65.9667,78.3667,0.49,100,100,3.14,RU,1682136819
388,elizabeth city,36.2946,-76.2511,20.01,78,0,4.12,US,1682136820
389,holguin,20.8872,-76.2631,19.72,100,0,0.51,CU,1682136820
390,sao filipe,14.8961,-24.4956,22.41,76,8,4.34,CV,1682136821
391,male,4.1748,73.5089,28.83,69,6,2.55,MV,1682136821
392,bambanglipuro,-7.95,110.2833,30.38,67,46,5.32,ID,1682136821
393,kathu,7.9178,98.3332,32.9,95,28,4.1,TH,1682136822
394,khuzhir,53.1939,107.3397,-1.23,61,39,0.87,RU,1682136822
395,galle,6.0367,80.217,29.66,72,85,3.66,LK,1682136823
396,mehran,33.1222,46.1646,26.2,28,0,0.8,IR,1682136823
397,zhigansk,66.7697,123.3711,-5.15,81,84,2.41,RU,1682136823
398,ilulissat,69.2167,-51.1,-1.99,80,20,1.54,GL,1682136824
399,zambezi,-13.5432,23.1047,17.53,87,100,1.21,ZM,1682136824
400,chiang khong,20.2613,100.4046,37.46,28,0,1.76,TH,1682136824
401,verkhovazhye,60.7472,42.0465,5.48,85,91,1.8,RU,1682136825
402,ust-kuyga,70.0167,135.6,-5.03,79,95,2.0,RU,1682136736
403,itzehoe,53.921,9.5153,10.22,77,0,5.13,DE,1682136826
404,yuncheng,35.0231,110.9928,4.69,92,100,1.51,CN,1682136826
405,rantauprapat,2.1,99.8333,29.05,82,42,1.16,ID,1682136826
406,alibag,18.6411,72.8792,31.04,60,0,3.27,IN,1682136827
407,prince rupert,54.3161,-130.3201,7.54,78,100,0.14,CA,1682136659
408,huallanca,-9.8993,-76.9417,8.43,82,99,0.78,PE,1682136827
409,mbanza-ngungu,-5.25,14.8667,19.52,98,100,1.36,CD,1682136828
410,carnarvon,-24.8667,113.6333,29.48,33,0,4.2,AU,1682136828
411,assiniboia,49.6334,-105.9845,-5.45,96,100,2.45,CA,1682136829
412,keti bandar,24.1447,67.4497,28.64,61,0,7.11,PK,1682136829
413,ixtapa,20.7,-105.2,23.57,78,20,1.03,MX,1682136830
414,dalhousie,32.5333,75.9833,14.99,32,51,1.35,IN,1682136831
415,aguimes,27.9054,-15.4461,16.35,68,0,2.06,ES,1682136831
416,karratha,-20.7377,116.8463,30.57,30,98,9.55,AU,1682136737
417,da lat,11.9465,108.4419,27.6,36,21,1.98,VN,1682136832
418,le vauclin,14.5452,-60.8388,24.03,88,0,1.54,MQ,1682136833
419,boshan,36.4833,117.8333,5.91,77,100,3.22,CN,1682136833
420,urusha,54.05,122.9,0.87,40,100,4.7,RU,1682136834
421,inongo,-1.95,18.2667,21.87,94,100,1.2,CD,1682136834
422,kollo,13.3043,2.339,28.59,10,67,2.95,NE,1682136835
423,kotaparh,19.15,82.35,31.84,37,2,2.88,IN,1682136835
424,baherden,38.4362,57.4316,25.16,14,96,0.96,TM,1682136836
425,antofagasta,-23.65,-70.4,18.31,81,70,1.05,CL,1682136837
426,itacarambi,-15.1022,-44.0919,20.37,88,85,2.94,BR,1682136837
427,fez,34.0372,-4.9998,11.14,76,0,1.54,MA,1682136838
428,cabinda,-5.55,12.2,25.1,89,97,1.04,AO,1682136839
429,ouadda,8.0777,22.4007,22.57,75,93,2.06,CF,1682136839
430,gornopravdinsk,60.05,69.9,6.82,72,84,4.19,RU,1682136840
431,abu kamal,34.4506,40.9171,18.74,42,63,3.54,SY,1682136840
432,flinders,-34.5833,150.8552,22.88,67,28,0.89,AU,1682136840
433,dongsheng,39.8161,109.9776,9.41,43,58,6.05,CN,1682136841
434,mabaruma,8.2,-59.7833,23.61,98,100,0.97,GY,1682136841
435,krasnovishersk,60.4078,57.082,3.68,84,98,1.31,RU,1682136842
436,myrtle beach,33.6891,-78.8867,22.02,71,0,5.66,US,1682136842
437,semey,50.4111,80.2275,3.12,56,0,4.0,KZ,1682136842
438,mehamn,71.0357,27.8492,-2.05,63,75,7.72,NO,1682136843
439,kulhudhuffushi,6.6221,73.07,29.23,69,9,2.08,MV,1682136843
440,dovers,12.8833,-61.1833,26.0,80,94,6.81,VC,1682136844
441,ballina,-28.8667,153.5667,23.21,66,83,7.44,AU,1682136844
442,esperance,-33.8667,121.9,23.6,31,70,0.4,AU,1682136845
443,teloloapan,18.35,-99.85,23.36,31,32,0.69,MX,1682136845
444,korla,41.7597,86.1469,16.63,21,89,2.5,CN,1682136700
445,mount gambier,-37.8333,140.7667,20.52,53,10,3.78,AU,1682136846
446,lucea,18.451,-78.1736,25.92,74,31,0.99,JM,1682136847
447,aksu,41.1231,80.2644,14.01,40,72,1.09,CN,1682136847
448,aripuana,-9.1667,-60.6333,22.72,98,100,0.11,BR,1682136848
449,plouzane,48.3833,-4.6167,8.18,93,100,3.6,FR,1682136848
450,ndele,8.4109,20.6473,24.21,67,100,3.15,CF,1682136849
451,ligatne,57.2343,25.0406,4.58,86,10,1.1,LV,1682136849
452,bereda,43.2686,-7.5406,6.43,99,97,1.62,ES,1682136850
453,kungurtug,50.5994,97.5228,-2.68,57,11,0.79,RU,1682136851
454,tiarei,-17.5333,-149.3333,29.01,80,63,8.94,PF,1682136851
455,kenai,60.5544,-151.2583,11.05,40,0,3.6,US,1682136851
456,maniitsoq,65.4167,-52.9,0.21,81,100,2.38,GL,1682136852
457,babstovo,48.1167,132.4833,7.91,37,98,7.44,RU,1682136852
458,sibolga,1.7427,98.7792,29.77,71,12,2.0,ID,1682136853
459,victor harbor,-35.5667,138.6167,23.16,57,0,2.38,AU,1682136854
460,gouyave,12.1646,-61.7296,26.43,89,75,10.29,GD,1682136854
461,komsomolskiy,40.4272,71.7189,19.4,27,20,2.06,UZ,1682136855
462,bemidji,47.4736,-94.8803,-1.72,90,100,6.69,US,1682136855
463,pacific grove,36.6177,-121.9166,15.45,85,0,3.6,US,1682136719
464,nova vicosa,-17.8919,-39.3719,24.3,77,100,7.18,BR,1682136856
465,polis,35.0367,32.4264,11.9,62,25,1.77,CY,1682136857
466,college,64.8569,-147.8028,4.97,60,100,0.0,US,1682136696
467,shimoda,34.6667,138.95,13.95,85,100,5.85,JP,1682136858
468,long xuyen,10.3833,105.4167,32.97,45,64,3.61,VN,1682136858
469,atherton,53.5237,-2.4935,8.49,93,100,0.75,GB,1682136859
470,marzuq,14.4,46.4667,23.94,33,56,2.0,YE,1682136860
471,longyearbyen,78.2186,15.6401,-14.09,66,40,4.12,SJ,1682136861
472,zharkent,44.1628,80.0,10.86,26,7,1.69,KZ,1682136861
473,kyren,51.6828,102.1408,3.14,30,16,0.13,RU,1682136738
474,vilhena,-12.7406,-60.1458,21.26,92,100,1.21,BR,1682136787
475,otofuke,42.9917,143.2003,9.57,42,86,10.5,JP,1682136711
476,eskisehir,39.7767,30.5206,3.95,100,40,1.54,TR,1682136863
477,kudahuvadhoo,2.6708,72.8944,28.95,71,18,2.12,MV,1682136863
478,isilkul,54.9109,71.2728,8.93,58,99,5.24,RU,1682136864
479,kagoro,9.6,8.3833,21.04,79,100,1.41,NG,1682136864
480,pontianak,-0.0333,109.3333,26.99,89,40,2.06,ID,1682136865
481,teya,60.3778,92.6267,0.38,88,91,0.41,RU,1682136865
482,kapurthala,31.3794,75.3847,28.97,23,16,2.07,IN,1682136866
483,kasongo-lunda,-6.4667,16.8167,21.2,98,100,0.81,CD,1682136866
484,urumqi,43.801,87.6005,10.53,32,0,3.0,CN,1682136840
485,gualaquiza,-3.4,-78.55,17.06,95,100,0.5,EC,1682136867
486,verkhoyansk,67.5447,133.385,-4.58,79,100,1.12,RU,1682136868
487,naze,28.3667,129.4833,20.73,86,35,9.26,JP,1682136691
488,tezu,27.9167,96.1667,32.29,28,100,1.63,IN,1682136339
489,atasu,48.6814,71.6433,10.28,32,41,2.49,KZ,1682136869
490,marquette,46.5333,-87.6335,2.12,87,45,1.34,US,1682136366
491,catuday,16.2923,119.8062,28.72,70,85,4.99,PH,1682136870
492,la palma,33.8464,-118.0467,26.34,40,0,1.54,US,1682136870
493,ketchikan,55.3422,-131.6461,7.26,87,100,2.06,US,1682136871
494,boueni,-12.9025,45.0761,27.99,73,85,4.92,YT,1682136871
495,khani,41.9563,42.9566,3.76,72,25,0.86,GE,1682136872
496,bara,10.3744,10.7288,26.13,69,100,4.28,NG,1682136873
497,sipe sipe,-17.45,-66.3833,14.44,68,3,1.01,BO,1682136873
498,daru,-9.0763,143.2092,26.77,85,100,5.08,PG,1682136613
499,lalmohan,22.3384,90.7419,30.37,69,19,4.49,BD,1682136874
500,lethem,3.3803,-59.7968,24.97,89,100,2.38,GY,1682136875
501,marion,39.7684,-86.1555,10.21,87,100,1.54,US,1682136752
502,kemijarvi,66.7131,27.4306,-1.35,87,100,4.47,FI,1682136876
503,port augusta,-32.5,137.7667,24.87,32,0,2.66,AU,1682136876
504,sattahip,12.6664,100.9007,36.39,62,20,4.12,TH,1682136876
505,bowen,-20.0167,148.2333,27.15,63,66,8.97,AU,1682136877
506,simao,22.7886,100.9748,31.01,24,1,3.63,CN,1682136878
507,nadvoitsy,63.8667,34.3167,2.06,97,100,4.27,RU,1682136878
508,caldas novas,-17.7417,-48.625,17.57,91,36,2.66,BR,1682136878
509,bubaque,11.2833,-15.8333,26.64,63,99,8.18,GW,1682136879
510,emba,48.8264,58.1442,13.07,33,100,11.95,KZ,1682136879
511,moose factory,51.2585,-80.6094,-0.01,100,100,2.06,CA,1682136880
512,antalaha,-14.9003,50.2788,25.1,81,6,1.84,MG,1682136880
513,kavieng,-2.5744,150.7967,28.79,77,56,4.65,PG,1682136880
514,atambua,-9.1061,124.8925,27.56,61,86,1.05,ID,1682136881
515,mgandu,-5.95,34.1333,15.6,98,100,2.78,TZ,1682136882
516,turukhansk,65.8167,87.9833,-0.36,97,100,7.14,RU,1682136882
517,nome,64.5011,-165.4064,1.17,80,0,2.57,US,1682136731
518,patacamaya,-17.2333,-67.9167,8.93,63,0,1.67,BO,1682136884
519,lorengau,-2.0226,147.2712,28.7,76,53,1.9,PG,1682136516
520,coahuayana,18.7333,-103.6833,21.81,87,30,0.92,MX,1682136885
521,zamora,-4.0692,-78.9567,19.4,96,100,1.94,EC,1682136886
522,buchanan,5.8808,-10.0467,25.98,88,85,2.76,LR,1682136886
523,iskateley,67.6803,53.1512,-6.6,90,54,2.12,RU,1682136887
524,tiznit,29.5833,-9.5,12.28,73,0,1.1,MA,1682136887
525,roma,43.2128,-75.4557,17.04,83,75,3.6,US,1682136887
526,tashara,55.5195,83.5094,5.9,41,48,3.44,RU,1682136888
527,avera,33.194,-82.5271,20.03,68,100,4.75,US,1682136888
528,kalmunai,7.4167,81.8167,28.76,70,56,2.54,LK,1682136889
529,shu,43.5983,73.7614,10.95,34,72,1.98,KZ,1682136889
530,gushikawa,26.3544,127.8686,25.0,72,100,6.17,JP,1682136890
531,eyl,7.9803,49.8164,28.81,66,98,4.75,SO,1682136891
532,nyurba,63.2842,118.3319,-0.82,75,96,3.78,RU,1682136891
533,banikoara,11.2985,2.4386,27.5,55,45,2.15,BJ,1682136892
534,vila velha,-20.3297,-40.2925,23.3,82,75,2.06,BR,1682136784
535,benoy,8.9833,16.3199,29.34,45,100,3.11,TD,1682136893
536,port hedland,-20.3167,118.5667,32.03,23,95,9.26,AU,1682136893
537,satipo,-11.2522,-74.6386,22.4,83,100,0.64,PE,1682136894
538,tual,-5.6667,132.75,28.37,78,100,5.48,ID,1682136894
539,taoudenni,22.6783,-3.9836,23.91,11,78,4.25,ML,1682136895
540,gatesville,31.4352,-97.7439,17.38,59,3,4.31,US,1682136895
541,mayo,38.8876,-76.5119,24.17,57,0,5.14,US,1682136896
542,balikpapan,-1.2675,116.8289,30.55,66,75,1.54,ID,1682136896
543,hohoe,7.1518,0.4736,23.84,92,100,1.73,GH,1682136896
544,yeppoon,-23.1333,150.7333,27.88,65,42,9.17,AU,1682136897
545,luderitz,-26.6481,15.1594,12.31,80,62,3.03,NA,1682136897
546,mogadishu,2.0371,45.3438,28.95,71,87,3.77,SO,1682136635
547,nabire,-3.3667,135.4833,29.56,72,91,1.89,ID,1682136898
548,agadez,19.75,10.25,27.09,14,29,5.56,NE,1682136898
549,machhlishahr,25.6833,82.4167,34.9,18,71,1.86,IN,1682136899
550,camaqua,-30.8511,-51.8122,14.74,95,87,2.09,BR,1682136899
551,xinye,32.5186,112.3522,7.48,68,100,8.64,CN,1682136900
552,manaus,-3.1019,-60.025,27.27,83,40,1.54,BR,1682136848
553,palmer,42.1584,-72.3287,9.75,68,75,1.54,US,1682136901
554,haftoni,38.7632,48.7622,15.84,82,75,1.03,AZ,1682136901
555,kapit,2.0167,112.9333,34.26,51,99,0.67,MY,1682136902
556,corinto,37.9407,22.9573,12.16,81,24,0.54,GR,1682136903
557,orlik,52.5178,99.825,-5.33,47,6,1.52,RU,1682136903
558,bilibino,68.0546,166.4372,1.51,92,6,0.73,RU,1682136904
559,mawlaik,23.6333,94.4167,39.16,22,70,0.54,MM,1682136905
560,hohhot,40.8106,111.6522,14.25,10,40,4.16,CN,1682136905
561,merseburg,51.3667,12.0,9.55,80,0,5.14,DE,1682136906
562,giresun,40.5,38.5,-0.72,80,6,2.64,TR,1682136906
563,van buren,35.4368,-94.3483,13.01,59,0,0.0,US,1682136907
